,MAE,RMSE,MdAE,MASE,MdASE
Linear Regression,1056.434121929718,2612.2110354340766,422.854964091836,0.7127105842989139,0.3111680207646592
Random Forest,188.79571095356988,354.0413870364789,87.16906829433981,0.12736875747733503,0.0641454606340113
